{"cls_accuracy": 0.0, "data_time": 0.00548195093870163, "eta_seconds": 36659.95020492934, "iteration": 199, "loss_cls": 9.050705194473267, "loss_triplet": 0.74811240285635, "lr": 6.60275e-05, "time": 0.09158011840190738, "total_loss": 9.805549502372742}
